<?xml version="1.0" encoding="UTF-8"?>
<project-private xmlns="http://www.netbeans.org/ns/project-private/1">
    <editor-bookmarks xmlns="http://www.netbeans.org/ns/editor-bookmarks/2" lastBookmarkId="0"/>
    <open-files xmlns="http://www.netbeans.org/ns/projectui-open-files/2">
        <group>
            <file>file:/C:/Users/ASUS/Documents/NetBeansProjects/Fabrica_de_Sillas/src/fabrica_de_sillas/Fabrica_de_Sillas.java</file>
            <file>file:/C:/Users/ASUS/Documents/NetBeansProjects/Fabrica_de_Sillas/src/fabrica_de_sillas/Venta.java</file>
            <file>file:/C:/Users/ASUS/Documents/NetBeansProjects/Fabrica_de_Sillas/src/fabrica_de_sillas/Producto.java</file>
            <file>file:/C:/Users/ASUS/Documents/NetBeansProjects/Fabrica_de_Sillas/src/fabrica_de_sillas/Inventario.java</file>
            <file>file:/C:/Users/ASUS/Documents/NetBeansProjects/Fabrica_de_Sillas/src/fabrica_de_sillas/Material.java</file>
            <file>file:/C:/Users/ASUS/Documents/NetBeansProjects/Fabrica_de_Sillas/src/fabrica_de_sillas/Proceso.java</file>
        </group>
    </open-files>
</project-private>
